<?xml version="1.0"?>
<doc>
    <assembly>
        <name>FHXamarinAndroidSDK</name>
    </assembly>
    <members>
        <member name="T:FHSDK.Services.DataService">
            <summary>
            Data service provider for Android
            </summary>
        </member>
        <member name="T:FHSDK.Services.DeviceService">
            <summary>
            Device info service provider for Android
            </summary>
        </member>
        <member name="T:FHSDK.Services.LogService">
            <summary>
            Logging service provider for Android
            </summary>
        </member>
        <member name="T:FHSDK.Services.NetworkService">
            <summary>
            Network service provider for Android
            </summary>
        </member>
        <member name="T:FHSDK.Services.OAuthClientHandlerService">
            <summary>
            OAuth login handler implementation for Android
            </summary>
        </member>
        <member name="T:FHSDK.Services.FHOAuthWebview">
            <summary>
            OAuth login handler Webview
            </summary>
        </member>
        <member name="M:FHSDK.Services.FHOAuthWebview.#ctor(Android.App.Activity,Android.OS.Bundle)">
            <summary>
            Constructor
            </summary>
            <param name="aContext">application context</param>
            <param name="aSettings">setting</param>
        </member>
        <member name="M:FHSDK.Services.FHOAuthWebview.onCreate">
            <summary>
            Construct the UI and start loading
            </summary>
        </member>
        <member name="M:FHSDK.Services.FHOAuthWebview.close(System.Boolean)">
            <summary>
            Close the WebView
            </summary>
            <param name="cancelled">if the action is cancelled by the user</param>
        </member>
        <member name="M:FHSDK.Services.FHOAuthWebview.GetView">
            <summary>
            Return the root view
            </summary>
            <returns></returns>
        </member>
        <member name="M:FHSDK.Services.FHOAuthWebview.Destroy">
            <summary>
            Destroy the view
            </summary>
        </member>
        <member name="T:FHSDK.Services.FHOAuthIntent">
            <summary>
            Start a new intent for OAuth login using WebView.
            </summary>
        </member>
        <member name="T:FHSDK.Droid.NamespaceDoc">
            <summary>
            Contains the entry class of the FeedHenry Xamarin SDK for Android platform. It's defined in the FHXamarinAndroidSDK.dll.
            To use the FeedHenry SDK, both FHSDK.dll and FHXamarinAndroidSDK.dll should be referenced by your Xamarain Android project, and initialise the SDK using the FHClient class in this name space.
            </summary>
        </member>
        <member name="M:FHSDK.Droid.FHClient.Init">
            <summary>
            Initialise the FeedHenry SDK. This should be called before any other API functions are invoked. Usually this should be called after the app finish intialising.
            </summary>
            <example>
            <code>
             protected async override void OnCreate (Bundle bundle)
             {
               //other initialisation work
               await  FHClient.Init();
             }
            </code>
            </example>
            <returns>If Init is success or not</returns>
            <exception cref="T:FHSDK.FHException"></exception>
        </member>
    </members>
</doc>
